{
    "write_flash_args" : [ "--flash_mode", "dio",
                           "--flash_size", "detect",
                           "--flash_freq", "80m" ],
    "flash_settings" : {
        "flash_mode": "dio",
        "flash_size": "detect",
        "flash_freq": "80m"
    },
    "flash_files" : {
        "0x0" : "bootloader/bootloader.bin",
        "0x410000" : "tinyuf2.bin",
        "0x8000" : "partition_table/partition-table.bin",
        "0xe000" : "ota_data_initial.bin"
    },
    "bootloader" : { "offset" : "0x0", "file" : "bootloader/bootloader.bin", "encrypted" : "false" },
    "app" : { "offset" : "0x410000", "file" : "tinyuf2.bin", "encrypted" : "false" },
    "partition-table" : { "offset" : "0x8000", "file" : "partition_table/partition-table.bin", "encrypted" : "false" },
    "otadata" : { "offset" : "0xe000", "file" : "ota_data_initial.bin", "encrypted" : "false" },
    "extra_esptool_args" : {
        "after"  : "hard_reset",
        "before" : "default_reset",
        "stub"   : true,
        "chip"   : "esp32s3"
    }
}
